<application>
  <component name="FindSettings">
    <option name="customScope" value="All Places" />
    <option name="defaultScopeName" value="All Places" />
    <option name="SEARCH_SCOPE" value="All Places" />
    <option name="FILE_MASK" value="*.java" />
    <mask>*.css</mask>
    <mask>*.html</mask>
    <mask>*.jsp</mask>
    <mask>*.properties</mask>
    <mask>pom.xml</mask>
    <mask>*.kt</mask>
    <mask>*.xml</mask>
    <mask>*.JAVA</mask>
    <mask>*.json</mask>
    <mask>*.js</mask>
    <mask>*.java</mask>
  </component>
</application>