<application>
  <component name="MaterialThemeConfig">
    <option name="highlightColorEnabled" value="true" />
    <option name="isContrastMode" value="true" />
    <option name="isWizardShown" value="true" />
    <option name="tabOpacity" value="99" />
    <option name="leftTreeIndent" value="18" />
    <option name="tabsHeight" value="35" />
    <option name="accentColor" value="00beff" />
    <option name="highlightColor" value="91bfff" />
    <option name="selectedTheme" value="CUSTOM" />
    <option name="userId" value="384e7813:1651dbeb924:-8000" />
    <option name="version" value="4.4.6" />
  </component>
</application>