<application>
  <component name="SonarLintGlobalSettings">
    <option name="sonarQubeServers">
      <list>
        <SonarQubeServer>
          <option name="hostUrl" value="http://sonar.intern.sparebank1.no/" />
          <token>df98dfcedfc9df9ddf9cdf98df9cdf93df9bdf99dfcbdf9fdfc9df9edf98df92dfc9df9cdf92dfcbdfcbdfc9df9cdfcedfc9df9adf9adf9cdf92dfcfdf93dfc9dfcbdfc9df99df9adf9adfcbdf9bdf93</token>
          <option name="name" value="SonarQube" />
          <organizationKey>default-organization</organizationKey>
          <enableNotifications>true</enableNotifications>
        </SonarQubeServer>
      </list>
    </option>
  </component>
</application>